{"cameraMode":{"drawMode":0,"name":"Shaded","section":"Shading Mode"},"sceneLighting":false,"audioPlay":false,"sceneViewState":{"showFog":true,"showMaterialUpdate":false,"showSkybox":true,"showFlares":true,"showImageEffects":true,"showParticleSystems":true},"in2DMode":false,"pivot":{"x":0.18298053741455079,"y":2.0527236461639406,"z":6.911874294281006},"rotation":{"x":0.05846456065773964,"y":0.7752524018287659,"z":-0.07254895567893982,"w":0.624741792678833},"size":11.662423133850098,"orthographic":false}