{"cameraMode":{"drawMode":0,"name":"Shaded","section":"Shading Mode"},"sceneLighting":false,"audioPlay":false,"sceneViewState":{"showFog":true,"showMaterialUpdate":false,"showSkybox":true,"showFlares":true,"showImageEffects":true,"showParticleSystems":true},"in2DMode":false,"pivot":{"x":70.93083190917969,"y":2.1881494522094728,"z":-3.390073776245117},"rotation":{"x":0.27473950386047366,"y":0.5068998336791992,"z":-0.1744811087846756,"w":0.7982024550437927},"size":11.207783699035645,"orthographic":false}