{"cameraMode":{"drawMode":0,"name":"Shaded","section":"Shading Mode"},"sceneLighting":false,"audioPlay":false,"sceneViewState":{"showFog":true,"showMaterialUpdate":false,"showSkybox":true,"showFlares":true,"showImageEffects":true,"showParticleSystems":true},"in2DMode":false,"pivot":{"x":-0.0003104656934738159,"y":0.0010040216147899628,"z":0.7581799030303955},"rotation":{"x":-0.026218609884381295,"y":0.6846967935562134,"z":-0.024658095091581346,"w":-0.7279387712478638},"size":4.933596611022949,"orthographic":true}