{"cameraMode":{"drawMode":0,"name":"Shaded","section":"Shading Mode"},"sceneLighting":false,"audioPlay":false,"sceneViewState":{"showFog":true,"showMaterialUpdate":false,"showSkybox":true,"showFlares":true,"showImageEffects":true,"showParticleSystems":true},"in2DMode":false,"pivot":{"x":18.218000411987306,"y":0.13385310769081117,"z":5.679999828338623},"rotation":{"x":0.26903143525123598,"y":-0.008668061345815659,"z":0.0024212950374931099,"w":0.9630894064903259},"size":11.770471572875977,"orthographic":true}