{"cameraMode":{"drawMode":0,"name":"Shaded","section":"Shading Mode"},"sceneLighting":false,"audioPlay":false,"sceneViewState":{"showFog":true,"showMaterialUpdate":false,"showSkybox":true,"showFlares":true,"showImageEffects":true,"showParticleSystems":true},"in2DMode":false,"pivot":{"x":8.110244750976563,"y":0.9999998807907105,"z":10.494577407836914},"rotation":{"x":0.1219935342669487,"y":0.2874155342578888,"z":-0.03693559765815735,"w":0.949286937713623},"size":28.26224708557129,"orthographic":false}